{
    "final_score": 0.08315329837254103,
    "regions": [
        {
            "start": 504,
            "end": 630,
            "length": 126,
            "avg_prob": 0.7586
        }
    ],
    "raw_probs": [
        0.0006919894367456436,
        0.0006919894367456436,
        0.0006919894367456436,
        0.0006919894367456436,
        0.0006919894367456436,
        0.0006919894367456436,
        0.0006919894367456436,
        0.059254818595945835,
        0.059254818595945835,
        0.059254818595945835,
        0.059254818595945835,
        0.059254818595945835,
        0.059254818595945835,
        0.06648695282638073,
        0.06648695282638073,
        0.06648695282638073,
        0.06648695282638073,
        0.06648695282638073,
        0.06648695282638073,
        0.00785423390334472,
        0.00785423390334472,
        0.00785423390334472,
        0.00785423390334472,
        0.00785423390334472,
        0.00785423390334472,
        0.00785423390334472,
        0.0005252081900835037,
        0.0005252081900835037,
        0.0005252081900835037,
        0.0005252081900835037,
        0.0005252081900835037,
        0.0005252081900835037,
        0.00044314563274383545,
        0.00044314563274383545,
        0.00044314563274383545,
        0.00044314563274383545,
        0.00044314563274383545,
        0.00044314563274383545,
        0.0006609139090869576,
        0.0006609139090869576,
        0.0006609139090869576,
        0.0006609139090869576,
        0.0006609139090869576,
        0.0006609139090869576,
        0.0006609139090869576,
        0.10507665152545087,
        0.10507665152545087,
        0.10507665152545087,
        0.10507665152545087,
        0.10507665152545087,
        0.10507665152545087,
        0.5616260096430779,
        0.5616260096430779,
        0.5616260096430779,
        0.5616260096430779,
        0.5616260096430779,
        0.5616260096430779,
        0.955572783946991,
        0.955572783946991,
        0.955572783946991,
        0.955572783946991,
        0.955572783946991,
        0.955572783946991,
        0.4987766773265321,
        0.4987766773265321,
        0.4987766773265321,
        0.4987766773265321,
        0.4987766773265321,
        0.4987766773265321,
        0.4987766773265321,
        0.0004813117266166955,
        0.0004813117266166955,
        0.0004813117266166955,
        0.0004813117266166955,
        0.0004813117266166955,
        0.0004813117266166955,
        0.0010265415767207742,
        0.0010265415767207742,
        0.0010265415767207742,
        0.0010265415767207742,
        0.0010265415767207742,
        0.0010265415767207742,
        0.0009407085890416056,
        0.0009407085890416056,
        0.0009407085890416056,
        0.0009407085890416056,
        0.0009407085890416056,
        0.0009407085890416056,
        0.0009407085890416056,
        0.0007178822124842554,
        0.0007178822124842554,
        0.0007178822124842554,
        0.0007178822124842554,
        0.0007178822124842554,
        0.0007178822124842554,
        0.034091950743459165,
        0.034091950743459165,
        0.034091950743459165,
        0.034091950743459165,
        0.034091950743459165,
        0.034091950743459165,
        0.18012967333197594,
        0.18012967333197594,
        0.18012967333197594,
        0.18012967333197594,
        0.18012967333197594,
        0.18012967333197594,
        0.18012967333197594,
        0.14680782792856917,
        0.14680782792856917,
        0.14680782792856917,
        0.14680782792856917,
        0.14680782792856917,
        0.14680782792856917,
        0.000392939371522516,
        0.000392939371522516,
        0.000392939371522516,
        0.000392939371522516,
        0.000392939371522516,
        0.000392939371522516,
        0.0005283211939968169,
        0.0005283211939968169,
        0.0005283211939968169,
        0.0005283211939968169,
        0.0005283211939968169,
        0.0005283211939968169,
        0.0005798110360046849,
        0.0005798110360046849,
        0.0005798110360046849,
        0.0005798110360046849,
        0.0005798110360046849,
        0.0005798110360046849,
        0.0005798110360046849,
        0.0004127164138481021,
        0.0004127164138481021,
        0.0004127164138481021,
        0.0004127164138481021,
        0.0004127164138481021,
        0.0004127164138481021,
        0.0003761017869692296,
        0.0003761017869692296,
        0.0003761017869692296,
        0.0003761017869692296,
        0.0003761017869692296,
        0.0003761017869692296,
        0.00038252024387475103,
        0.00038252024387475103,
        0.00038252024387475103,
        0.00038252024387475103,
        0.00038252024387475103,
        0.00038252024387475103,
        0.00038252024387475103,
        0.0003983640926890075,
        0.0003983640926890075,
        0.0003983640926890075,
        0.0003983640926890075,
        0.0003983640926890075,
        0.0003983640926890075,
        0.00037368785706348717,
        0.00037368785706348717,
        0.00037368785706348717,
        0.00037368785706348717,
        0.00037368785706348717,
        0.00037368785706348717,
        0.0005944767908658832,
        0.0005944767908658832,
        0.0005944767908658832,
        0.0005944767908658832,
        0.0005944767908658832,
        0.0005944767908658832,
        0.0005944767908658832,
        0.006781134434277192,
        0.006781134434277192,
        0.006781134434277192,
        0.006781134434277192,
        0.006781134434277192,
        0.006781134434277192,
        0.0067728688882198185,
        0.0067728688882198185,
        0.0067728688882198185,
        0.0067728688882198185,
        0.0067728688882198185,
        0.0067728688882198185,
        0.0006154108996270224,
        0.0006154108996270224,
        0.0006154108996270224,
        0.0006154108996270224,
        0.0006154108996270224,
        0.0006154108996270224,
        0.00041361586772836745,
        0.00041361586772836745,
        0.00041361586772836745,
        0.00041361586772836745,
        0.00041361586772836745,
        0.00041361586772836745,
        0.00041361586772836745,
        0.0,
        0.0,
        0.0,
        0.0
    ]
}