{
    "slice_1": {
        "final_score": 0.06340202227505506,
        "regions": [],
        "raw_probs": [
            0.0013004600768908858,
            0.0013004600768908858,
            0.0013004600768908858,
            0.0013004600768908858,
            0.0013004600768908858,
            0.0013004600768908858,
            0.0013004600768908858,
            0.000904031126992777,
            0.000904031126992777,
            0.000904031126992777,
            0.000904031126992777,
            0.000904031126992777,
            0.000904031126992777,
            0.0004581507237162441,
            0.0004581507237162441,
            0.0004581507237162441,
            0.0004581507237162441,
            0.0004581507237162441,
            0.0004581507237162441,
            0.0004826629301533103,
            0.0004826629301533103,
            0.0004826629301533103,
            0.0004826629301533103,
            0.0004826629301533103,
            0.0004826629301533103,
            0.0004826629301533103,
            0.0020809625275433064,
            0.0020809625275433064,
            0.0020809625275433064,
            0.0020809625275433064,
            0.0020809625275433064,
            0.0020809625275433064,
            0.002139032876584679,
            0.002139032876584679,
            0.002139032876584679,
            0.002139032876584679,
            0.002139032876584679,
            0.002139032876584679,
            0.00115137395914644,
            0.00115137395914644,
            0.00115137395914644,
            0.00115137395914644,
            0.00115137395914644,
            0.00115137395914644,
            0.00115137395914644,
            0.0010460537887411192,
            0.0010460537887411192,
            0.0010460537887411192,
            0.0010460537887411192,
            0.0010460537887411192,
            0.0010460537887411192,
            0.0007712761434959248,
            0.0007712761434959248,
            0.0007712761434959248,
            0.0007712761434959248,
            0.0007712761434959248,
            0.0007712761434959248,
            0.49517737416317686,
            0.49517737416317686,
            0.49517737416317686,
            0.49517737416317686,
            0.49517737416317686,
            0.49517737416317686,
            0.4951760549447499,
            0.4951760549447499,
            0.4951760549447499,
            0.4951760549447499,
            0.4951760549447499,
            0.4951760549447499,
            0.4951760549447499,
            0.0008369085553567857,
            0.0008369085553567857,
            0.0008369085553567857,
            0.0008369085553567857,
            0.0008369085553567857,
            0.0008369085553567857,
            0.0005936232337262481,
            0.0005936232337262481,
            0.0005936232337262481,
            0.0005936232337262481,
            0.0005936232337262481,
            0.0005936232337262481,
            0.001618185720872134,
            0.001618185720872134,
            0.001618185720872134,
            0.001618185720872134,
            0.001618185720872134,
            0.001618185720872134,
            0.001618185720872134,
            0.002645155182108283,
            0.002645155182108283,
            0.002645155182108283,
            0.002645155182108283,
            0.002645155182108283,
            0.002645155182108283,
            0.0,
            0.0,
            0.0,
            0.0,
            0.0
        ]
    },
    "slice_2": {
        "final_score": 0.017730667980067664,
        "regions": [],
        "raw_probs": [
            0.0005351884756237268,
            0.0005351884756237268,
            0.0005351884756237268,
            0.0005351884756237268,
            0.0005351884756237268,
            0.0005351884756237268,
            0.0005351884756237268,
            0.0005214610428083688,
            0.0005214610428083688,
            0.0005214610428083688,
            0.0005214610428083688,
            0.0005214610428083688,
            0.0005214610428083688,
            0.0007095247856341302,
            0.0007095247856341302,
            0.0007095247856341302,
            0.0007095247856341302,
            0.0007095247856341302,
            0.0007095247856341302,
            0.0007137346838135272,
            0.0007137346838135272,
            0.0007137346838135272,
            0.0007137346838135272,
            0.0007137346838135272,
            0.0007137346838135272,
            0.0007137346838135272,
            0.0004890844720648602,
            0.0004890844720648602,
            0.0004890844720648602,
            0.0004890844720648602,
            0.0004890844720648602,
            0.0004890844720648602,
            0.00107404230220709,
            0.00107404230220709,
            0.00107404230220709,
            0.00107404230220709,
            0.00107404230220709,
            0.00107404230220709,
            0.12960778310662135,
            0.12960778310662135,
            0.12960778310662135,
            0.12960778310662135,
            0.12960778310662135,
            0.12960778310662135,
            0.12960778310662135,
            0.1289959131681826,
            0.1289959131681826,
            0.1289959131681826,
            0.1289959131681826,
            0.1289959131681826,
            0.1289959131681826,
            0.00041453432640992105,
            0.00041453432640992105,
            0.00041453432640992105,
            0.00041453432640992105,
            0.00041453432640992105,
            0.00041453432640992105,
            0.0018976583378389478,
            0.0018976583378389478,
            0.0018976583378389478,
            0.0018976583378389478,
            0.0018976583378389478,
            0.0018976583378389478,
            0.004679131205193698,
            0.004679131205193698,
            0.004679131205193698,
            0.004679131205193698,
            0.004679131205193698,
            0.004679131205193698,
            0.004679131205193698,
            0.004279002896510065,
            0.004279002896510065,
            0.004279002896510065,
            0.004279002896510065,
            0.004279002896510065,
            0.004279002896510065,
            0.003964144852943718,
            0.003964144852943718,
            0.003964144852943718,
            0.003964144852943718,
            0.003964144852943718,
            0.003964144852943718,
            0.0029526465805247426,
            0.0029526465805247426,
            0.0029526465805247426,
            0.0029526465805247426,
            0.0029526465805247426,
            0.0029526465805247426,
            0.0029526465805247426,
            0.000605324050411582,
            0.000605324050411582,
            0.000605324050411582,
            0.000605324050411582,
            0.000605324050411582,
            0.000605324050411582,
            0.0,
            0.0,
            0.0,
            0.0,
            0.0
        ]
    },
    "slice_3": {
        "final_score": 0.4037468303624773,
        "regions": [
            {
                "start": 0,
                "end": 126,
                "length": 126,
                "avg_prob": 0.9723
            },
            {
                "start": 378,
                "end": 504,
                "length": 126,
                "avg_prob": 0.7496
            },
            {
                "start": 630,
                "end": 693,
                "length": 63,
                "avg_prob": 0.9068
            }
        ],